og	min	avg	sd	max
K00003	28.197226502311246	72.93287096598024	9.284690627408438	98.92141756548536
K00008	36.785162287480674	63.79549766634392	16.19628249797441	100
K00010	37.395659432387305	72.38777753863873	6.587733094893349	97.9966611018364
K00012	27.35562310030395	70.58778560032165	17.69575714368174	99.08814589665653
K00016	31.12128146453089	62.06001812409135	13.546803838143939	100
K00024	30.751173708920188	72.24559018262416	8.23258515180498	96.47887323943662
K00027	31.799838579499596	83.23155377811634	13.194413300376635	99.43502824858757
K00031	14.021052631578945	93.68347484903289	7.3642530862305255	99.87368421052632
K00036	22.95597484276729	73.39586512895474	12.383186406787878	99.68553459119497
K00052	12.621359223300976	74.32783792318841	11.686710492628503	100
K00053	17.938931297709924	83.55600483712493	16.832248380605055	100
K00067	35.88741204065676	77.56809478004514	15.039079070585643	99.45269741985928
K00075	25.08833922261484	70.67700704650814	7.782393200384501	99.46996466431095
K00088	13.4453781512605	81.8792761956041	13.951895677035878	99.83193277310924
K00091	30.28764805414551	69.47563034346717	12.336844494523381	98.64636209813875
K00099	37.96296296296296	81.48817381738174	8.064275332902735	99.22839506172839
K00121	17.761557177615572	78.77640404477091	16.461593534835288	99.51338199513383
K00133	16.883116883116877	69.83481568936115	9.662677203534404	99.22077922077922
K00135	35.75221238938053	75.1943055021162	6.372202046680036	98.23008849557522
K00145	19.63882618510158	66.90014110459441	14.556333757094333	99.54853273137697
K00147	19.819819819819816	55.87633987088657	15.17972328964074	99.45945945945947
K00161	44.306049822064054	90.7968268889507	6.981422688428381	99.8220640569395
K00208	25.391849529780565	79.04597765771075	9.071215248852855	100
K00214	44.776119402985074	62.01952347835834	7.144015355738871	97.51243781094527
K00215	48.24561403508771	70.53996101364523	10.790684024260745	99.41520467836258
K00226	48.4375	67.28247549019608	6.892295670565627	97.65625
K00228	34.577603143418465	77.30646992409838	7.280175421334234	99.80353634577604
K00240	36.2043795620438	78.85314171285575	10.205567601930307	99.56204379562044
K00241	17.322834645669293	57.276379184996244	26.512933018201757	99.73753280839895
K00259	22.63279445727483	74.79069225842763	10.377093653885554	98.61431870669746
K00274	37.83587509077705	67.32303545375441	6.693130076063409	100
K00276	40.37940379403794	58.80838048146563	14.174530588522604	95.6639566395664
K00286	28.48837209302325	61.711835137002076	10.245974935032695	97.96511627906976
K00297	35.129310344827594	71.9965239424551	9.248488115403285	99.78448275862068
K00311	20.79343365253078	78.21297429620563	9.90737488450427	97.67441860465115
K00316	51.549942594718715	73.53503188960052	8.25301372525938	98.73708381171068
K00324	17.322834645669293	59.576144564378765	29.365344801123634	100
K00325	44.19410745233969	67.12364546679972	14.40483850937204	99.8266897746967
K00354	33.41404358353511	69.07644413697682	17.26966582771167	98.30508474576271
K00383	23.356401384083046	60.38306250124923	11.817390674640784	99.30795847750865
K00389	15.503875968992254	80.76959542739499	10.70895013283176	99.37984496124031
K00436	14.26116838487973	62.618270557143745	22.968795270366364	100
K00507	38.095238095238095	69.12905631498596	10.765809550974732	100
K00526	31.25845737483085	85.26488861728288	9.586754008297763	99.3234100135318
K00548	19.69292389853138	74.10378947631109	11.944405892858581	99.13217623497998
K00558	39.238952536824875	82.51426923479427	5.701271322093551	99.91816693944354
K00560	21.224489795918366	69.4748587265594	14.892702848933757	91.15646258503402
K00566	40.59701492537313	78.69982185547218	8.663439611694336	99.25373134328358
K00600	60.29106029106028	78.58002143716429	6.6907578114894095	99.7920997920998
K00602	21.777777777777775	69.86614302078219	11.642319069694798	99.70370370370371
K00604	45.979312645979306	93.10229931144964	4.553922079029389	99.53286619953286
K00606	41.194029850746276	69.60365028162659	10.189026903787717	98.2089552238806
K00611	33.24808184143222	70.66447825208076	9.075490149607372	98.9769820971867
K00615	27.042801556420237	68.09181216674627	19.294431912869644	99.70817120622569
K00633	24.7588424437299	48.84798758177182	18.035665553194786	97.42765273311898
K00640	41.060291060291064	84.8197089871435	6.25499311266856	99.68814968814968
K00645	35.62945368171021	69.98377272406576	7.669127709852625	98.33729216152018
K00648	21.28440366972477	88.06391185416246	8.93641508713957	99.9388379204893
K00677	17.906336088154273	66.93765830129466	9.454763590254137	99.72451790633609
K00681	39.8359161349134	61.56999143259892	9.064689933006914	98.72379216043757
K00684	21.641791044776117	76.65620109172806	5.823946857421164	98.88059701492537
K00688	42.97148574287144	71.01933145479806	11.823601403037543	99.59979989994997
K00695	54.463276836158194	67.72804749593028	8.878812395302097	97.6271186440678
K00720	35.44474393530997	59.94970016372438	11.417017155930626	97.16981132075472
K00721	32.74111675126904	90.068815411866	3.7094493548206495	99.96827411167513
K00728	54.09705648369133	75.93645283382753	6.7850266162826784	97.9315831344471
K00748	52.17028380634391	75.95918422549948	8.530982007144981	99.6661101836394
K00757	26.101694915254235	67.2909604519774	15.90493630677351	97.28813559322033
K00761	30.952380952380953	63.75363686724857	15.330321965886364	99.65986394557824
K00763	58.98778359511343	72.13137384529264	4.5121620514597245	95.28795811518324
K00764	22.861150070126225	59.171100229402896	20.65244990176146	99.71949509116409
K00768	43.38235294117647	69.99751618760492	8.451426092322473	99.8529411764706
K00772	31.01449275362319	67.53237213008616	13.661874557252462	99.71014492753623
K00784	37.82559456398641	77.95903246942025	10.626114045286377	100
K00786	33.214285714285715	71.00736351888426	14.598326414790467	98.45238095238096
K00789	17.227722772277232	74.08432620450374	11.357380835883925	99.00990099009901
K00790	28.877887788778878	67.14012402987532	8.177751908530759	97.85478547854785
K00791	40.34416826003824	71.70925543797209	7.752122493237246	97.51434034416826
K00793	47.67441860465116	67.37485318299272	7.196718228261202	99.12790697674419
K00794	27.038626609442062	68.31139251264182	8.478680053228171	100
K00809	31.082529474812436	85.35706124130562	10.727841831874699	99.03536977491962
K00812	9.807355516637472	84.68828256706549	6.499077517168218	100
K00819	8.563899868247693	70.54765860058866	22.499849522439842	99.2094861660079
K00820	12.571428571428566	82.98412698412699	8.415774546088713	98.92857142857143
K00821	43.472584856396864	77.95393325233307	7.708990180179665	99.34725848563968
K00823	25	80.46099962135554	11.379221036021864	97.48201438848922
K00833	14.910536779324058	55.9376396569703	15.838135914351803	98.80715705765407
K00835	30.113636363636363	78.52292723616253	7.470234128034695	98.86363636363636
K00845	16.182572614107883	85.4135488048755	7.228503042012145	99.8221695317131
K00854	38.242009132420094	64.797250933181	12.402842495334289	99.5433789954338
K00855	15.416028586013276	90.83985139691664	5.494013101359072	100
K00858	34.41108545034643	59.75154249692984	15.330332780873084	100
K00864	20.287539936102238	62.75201057618156	11.88920154173368	98.40255591054313
K00872	45.297504798464495	71.9692997209965	7.392363041347727	99.23224568138195
K00912	37.66756032171582	65.4564678693365	8.275699818783455	98.12332439678283
K00925	16.57940663176265	62.02862785582376	15.081418505581848	98.60383944153578
K00931	26.008064516129036	63.31163298391702	15.348656005356023	100
K00937	24.89583333333333	67.29132308845577	10.27928726795801	99.58333333333333
K00939	34.715025906735754	78.56411423370122	8.301941785223082	99.8272884283247
K00940	47.692307692307686	79.39404510833083	5.879905906368408	100
K00943	25.5885363357216	86.70716690530908	5.118494429035398	99.79529170931423
K00948	16.780045351473927	80.10245066697695	10.57785872747569	100
K00954	13.521126760563384	63.60236783016942	18.944463679468868	99.71830985915493
K00962	18.108108108108112	74.33783505212077	9.015796565149603	99.5945945945946
K00965	25.761124121779854	49.16375427850838	22.00556593233156	97.89227166276346
K00978	26.610644257703086	70.11665910383292	13.338797392266892	99.71988795518207
K00981	24.612736660929436	76.88880675676516	7.8240721019352195	99.48364888123923
K00988	19.864559819413095	57.90282704503923	13.29501718193324	99.77426636568849
K00989	42.58760107816711	78.03520988539293	5.878695907747806	98.6522911051213
K00995	37.055837563451774	72.94461953365062	10.598390944506734	98.98477157360406
K01000	34.403669724770644	59.067278287461775	12.006859552558195	98.39449541284404
K01008	26.712922810060714	55.66159697885032	15.331511778427421	98.61231569817866
K01012	25.830258302583033	60.331842409333184	13.549595209585597	98.8929889298893
K01046	39.42482708409174	80.68965286061862	13.989679588104073	100
K01048	7.370517928286857	84.96869664200341	11.923334449311449	99.13678618857902
K01056	14.243323442136502	67.22675697134224	11.502010589452912	99.40652818991099
K01061	37.34533183352081	78.00387209803513	6.842703266981097	99.43757030371204
K01069	20.30612244897959	77.06561297819293	15.363721211602138	99.89795918367346
K01071	22.69272529858849	95.32464628198322	2.8524089776621335	99.42091929062613
K01082	38.339222614840985	65.78798398190783	10.912985446087449	98.76325088339223
K01118	21.772151898734183	73.97374263073553	8.482984441662863	94.17721518987342
K01142	28.636363636363637	72.3357272246357	8.540406942797343	98.4090909090909
K01147	17.77251184834123	50.02953983665093	19.398168280319634	99.64454976303317
K01156	25.44816835541699	83.73007407219652	16.500010782835133	99.96102883865939
K01159	25.566343042071193	69.2617661347042	10.874631998473435	100
K01191	53.89247311827957	72.72251008753555	5.382317044261181	97.76344086021506
K01193	28.27298050139275	61.454175401315226	16.517013447778147	99.58217270194986
K01205	28.59778597785978	71.8260790562451	12.399478998828064	96.12546125461255
K01208	33.08641975308642	78.7083103003501	7.950265128696137	97.77777777777777
K01251	37.36462093862816	65.42433842588561	20.581937223402335	99.63898916967509
K01255	27.27272727272727	71.7440508209739	10.618037649523645	100
K01256	32.983634074695765	72.9849169559606	13.060365190036805	99.74821653378095
K01265	38.65979381443299	69.95670672273093	12.128313563346847	100
K01304	48.47560975609756	69.88328406011333	7.30623917975919	98.47560975609755
K01322	23.848515864892526	74.28823730106167	13.181355104200057	96.82702149437053
K01347	13.536572677140779	94.25279034553495	10.588726823704508	99.71907189678494
K01356	22.962962962962962	93.06577399888175	11.426523033936748	99.86928104575163
K01358	43.82716049382716	87.43001779196558	4.814345025803314	100
K01387	57.16785766370133	89.79364808750948	5.697366118404284	99.83957999124982
K01414	16.725978647686834	63.48226759578673	15.071328559135566	98.10201660735468
K01424	14.029850746268657	65.51995900752829	15.635928578334381	99.40298507462687
K01425	46.38977635782747	83.77859697987493	9.18529919560688	99.42492012779553
K01428	17.384843982169397	80.78873413197336	11.966395919634671	99.55423476968797
K01436	35.144312393887944	66.53254981384511	12.101169634691582	99.66044142614601
K01437	18.508997429305918	52.71371157536478	14.657282855337607	98.97172236503856
K01443	65.86452762923352	81.6066472618967	4.819936539944151	100
K01462	31.464174454828665	66.83722712998696	11.215220839170915	99.06542056074767
K01465	38.452088452088454	60.581557812901096	12.524614518311667	99.26289926289927
K01470	13.944954128440369	68.4647299174267	11.91527166995414	99.81651376146789
K01480	23.861852433281005	60.76445958116176	16.70408640228726	99.84301412872841
K01483	28.716216216216218	74.72197607443509	10.018634770183725	98.64864864864865
K01491	3.2136105860113395	94.26730801624586	3.924992209264485	99.9054820415879
K01494	49.55830388692579	95.708083550326	5.787672749794217	100
K01507	23.880597014925375	76.79426903190254	12.765536480604467	100
K01512	18.82556131260794	88.99713224094022	10.334522803806811	99.48186528497409
K01524	28.183716075156575	72.23354226057126	8.516350379158938	99.47807933194154
K01537	41.8142780461621	68.26960477578969	9.710554312724703	99.30220075147611
K01546	24.0506329113924	76.12179869206258	5.022950513348116	99.01547116736991
K01547	20.47619047619048	78.96690879741728	6.710224616761927	97.73809523809524
K01548	37.37373737373737	69.10654817758643	7.829577444600641	94.94949494949495
K01551	26.04951560818084	67.4180349934821	20.932909360674874	99.67707212055974
K01561	20.90909090909091	65.46721571111814	12.406562364833686	96.06060606060606
K01579	45.77777777777777	74.12500970572249	12.90365169109389	100
K01588	45.60669456066946	74.01277741983061	8.309497056224197	100
K01589	40.67278287461774	65.92204199375769	9.142971991520092	99.38837920489296
K01595	34.69860896445132	68.58665039017089	8.10500770840526	99.69088098918083
K01599	14.742014742014742	73.45498333617145	13.031191789440596	99.75429975429975
K01601	9.896907216494844	76.74940523394132	22.424225496487097	100
K01602	26.114649681528668	71.42020706108958	15.497162605860153	100
K01619	25.92592592592593	63.334445514121505	13.205450400954156	98.98989898989899
K01621	13.160733549083059	68.59896178968981	14.635926021355733	98.38187702265373
K01624	13.94611727416799	82.96953747774492	13.909567519867865	100
K01626	23.298969072164944	69.9075943617675	10.892413970098515	99.58762886597938
K01647	10.84462982273201	94.3144956941036	3.2398953238846366	100
K01649	29.271070615034166	65.55961714648635	17.481088937016683	100
K01652	23.653395784543328	62.66949794353758	17.059015149698496	100
K01653	53.92156862745099	79.61528045561658	8.957780429905982	100
K01661	29.032258064516125	81.05346761331481	9.875956298980505	99.70674486803519
K01662	14.005602240896353	77.97781290734116	12.436146078221682	99.43977591036415
K01669	35.672514619883046	63.47593067625087	13.633874573809997	99.90253411306043
K01673	42.331288343558285	69.3428366084002	9.873713217618727	98.46625766871165
K01682	11.564625850340137	76.5874368123431	14.262454213748343	98.73663751214772
K01687	17.403314917127076	79.30413926891194	11.659467565441751	99.86187845303867
K01689	16.52542372881356	72.47646219916302	12.4953058554718	99.36440677966102
K01695	29.83425414364641	71.07892840436426	8.567637864946184	100
K01698	19.95249406175772	67.43860533699936	17.00358675943449	100
K01703	11.416184971098264	66.83759427709658	22.574726391192517	99.56647398843931
K01704	11.587982832618026	77.9671125610068	19.655910723676055	99.14163090128756
K01711	16.7458432304038	79.46977845501128	10.53024416974991	99.8812351543943
K01714	6.84039087947883	80.33438811910557	7.857603820029969	100
K01725	32.432432432432435	75.91350207955179	8.596222641815977	97.2972972972973
K01733	5.307497893850044	89.68854104403222	6.5246440991519	99.91575400168492
K01736	24.672489082969427	78.03802214282564	9.40873241316362	99.56331877729258
K01737	15.782664941785251	75.72789849882098	12.403948814429306	100
K01738	31.643625192012294	77.75532497893094	9.701029975974965	100
K01754	31.55603917301415	69.80677978078128	16.351798608788688	99.78237214363439
K01755	20.973154362416103	78.2828055802027	8.06078089423908	98.48993288590604
K01772	19.618055555555557	59.993541047450414	26.628952665700904	100
K01776	50.847457627118644	69.66150329160585	11.320523213305858	99.69183359013869
K01778	23.721881390593047	69.10176626115971	14.245417695269996	99.59100204498978
K01783	44.91725768321513	85.28048123961332	9.853369647586483	100
K01785	16.58653846153846	79.36356064439946	6.224361474477657	100
K01790	36.8	88.6088317809449	7.409479587642454	99.9
K01791	20.28985507246377	63.64253023864008	20.004758468675167	98.9648033126294
K01807	42.75862068965517	69.7781474136154	12.29002270295106	99.6551724137931
K01821	8.208955223880599	60.610739406416194	23.52437205168164	99.25373134328358
K01822	20.105820105820104	55.254186439753454	17.557813305958447	98.94179894179894
K01823	26.741573033707866	74.07537453183521	8.955808535729496	98.42696629213484
K01835	22.04234122042341	59.04972552837178	15.236793593164712	99.62640099626401
K01845	13.315926892950392	86.48522305277875	9.510191469623624	100
K01854	18.029029793735674	60.038369627410724	19.16673734835538	100
K01866	37.325038880248826	74.81851171120222	8.21750405892212	99.06687402799378
K01867	46.88644688644688	80.27707967745839	7.025626560106876	99.633699633699635
K01868	16.245006657789617	60.56066658596619	21.121040799814228	99.20106524633822
K01869	29.949238578680205	76.23070711767576	11.80712197668116	99.32318104906938
K01870	36.71065032987747	81.66416367170373	7.676900117996571	99.29311969839773
K01872	24.044585987261147	71.81667986867251	13.149237691440002	99.36305732484077
K01873	38.508625486922654	74.41484084959457	11.07844138765845	99.6661101836394
K01874	18.54838709677419	70.84031096823088	11.701956208833732	98.73271889400922
K01875	41.55172413793103	75.5977793416217	7.304836605774809	99.3103448275862
K01881	19.95043370508055	72.08818874452501	10.731895804281182	99.50433705080545
K01887	44.2063492063492	68.91611196449907	14.919160022041705	99.76190476190476
K01889	23.642943305186968	83.56352305091356	11.298863716346398	99.87937273823884
K01890	28.038194444444443	62.383828818487906	14.307975672723165	98.95833333333334
K01893	14.602587800369681	79.30461751741788	10.09340848414849	99.07578558225508
K01895	20.206659012629157	73.76991122542542	16.998129430781635	99.54075774971297
K01897	46.184173472261335	86.33528524694228	8.304538022434153	99.83103351168685
K01912	18.15286624203821	60.92326572405174	22.088295629003085	97.23991507430998
K01915	13.751507840772014	62.909760175632094	18.968396989575737	100
K01924	23.903177004538577	58.907865370500744	12.710560694547459	97.88199697428139
K01925	92.92182312103834	96.43677791566215	1.100409233689016	99.8490793842439
K01929	29.658119658119652	80.01050331277472	6.3194081482439	99.23076923076923
K01934	17.151162790697672	63.829492022074604	25.26937855160899	99.70930232558139
K01937	29.609690444145354	77.17452451444179	11.974179973145656	99.46164199192464
K01939	13.772455089820356	78.40799209661485	8.672517435445663	100
K01940	19.999999999999996	76.26248624862487	10.577694084505518	99.11111111111111
K01951	18.11594202898551	61.91352400121491	26.62261567797391	98.98550724637681
K01953	36.76348547717843	55.035998706139026	7.731858571665313	99.66804979253112
K01961	7.259953161592502	77.22999214496073	28.52595865381737	100
K01991	20.582156389941442	92.31442409155991	5.711759113619188	99.79331725800895
K01992	57.9172610556348	92.04397369230688	3.637972117523637	100
K02009	7.37951807228916	86.39314835097967	15.875532278776792	99.3975903614458
K02011	21.673819742489275	63.04745124254361	12.381975375199016	99.78540772532189
K02012	14.814814814814813	59.63937346115564	11.411728325150065	99.8236331569665
K02014	43.369055592766244	75.69461546545864	5.020911965829339	98.02411252511722
K02015	18.518518518518523	71.42622602687167	10.407790226499504	99.87228607918263
K02016	33.70558375634518	68.83092009499732	6.402825047762791	100
K02019	20.375865479723043	93.61421796139896	14.106002453116739	99.80217606330366
K02020	26.050420168067223	66.67708222529518	8.926864811199295	99.15966386554622
K02033	63.6150234741784	83.90651383542061	5.931388558828961	99.93293091884641
K02035	37.33944954128441	58.93439666875681	10.735471267149471	99.26605504587155
K02036	28.927680798004985	70.1883558197547	8.797509715552778	100
K02039	18.75	73.79696038251366	7.4686162605160025	99.6875
K02040	54.85799701046338	92.61284865382088	4.5730272375487475	99.95515695067265
K02041	51.30890052356021	70.38701714335276	6.6868542743263815	100
K02044	45.3430258973194	86.69009008953584	5.595100366734053	100
K02047	25.69659442724458	68.17366931186179	9.409908851434318	98.14241486068111
K02048	24.38524590163934	62.843170899107754	8.568558737384615	96.92622950819673
K02050	9.463722397476337	63.56936983085906	17.26435056587653	99.52681388012618
K02051	37.5	78.9885680136054	7.280714844000779	99.47643979057592
K02066	21.661721068249264	64.6998907684759	11.443458348542727	99.70326409495549
K02067	46.47887323943662	70.15826656936967	7.91868668517322	99.91714995857498
K02069	27.326440177252586	81.69077282801389	6.163090710906421	99.70457902511079
K02078	31.699640287769782	96.79129681329563	5.316960889545631	100
K02092	55.55555555555556	79.39039241828708	8.017785246509975	100
K02093	57.31707317073172	84.81208493403615	9.365425514920004	100
K02094	60.86956521739131	84.8374092732926	8.03092676983481	100
K02095	34.87179487179487	70.98745874587459	12.404883320573635	100
K02097	46.354166666666664	75.71236341014821	9.041686075998909	100
K02108	29.206349206349202	72.40439823728234	15.558252473306698	100
K02110	18.93203883495146	89.5406366146546	10.97470829602088	100
K02111	18.4257602862254	76.02521569583693	13.877169112440574	100
K02112	45.3382084095064	80.21439830713865	12.909103946393104	100
K02113	31.25	52.1880260942761	11.18315801574158	99.47916666666666
K02114	31.219512195121958	67.25002693452011	13.967323257250689	100
K02115	28.009259259259256	72.86298283399357	16.985423635099032	99.53703703703704
K02116	20.895522388059707	60.38878410147067	12.479579538825039	100
K02170	23.673469387755098	67.99111678810927	10.52326764208634	96.73469387755102
K02217	18.534482758620683	55.42751583391978	19.022448134515564	100
K02221	15.500000000000004	67.85532663316583	10.105285203969492	100
K02227	45.53571428571429	67.73260073260073	8.998607878830752	98.03571428571428
K02233	31.767337807606268	63.36937321112628	10.491059900061616	99.77628635346755
K02234	42.44186046511628	70.52049202163084	11.35044899827006	99.8062015503876
K02257	15.94202898550725	64.34193119157814	13.9257427391942	99.51690821256038
K02274	24.287652645861602	67.02716386926913	10.811717877787762	100
K02275	32.89855072463767	66.09579972914518	8.822246555159492	99.85507246376811
K02276	69.02255639097744	84.16404063180579	4.595637344552604	100
K02284	29.05027932960894	77.44402114171272	6.690596009602617	100
K02285	56.830601092896174	79.14159610880922	5.033899756280375	100
K02288	37.121212121212125	79.62285242156935	6.133214796119088	99.69696969696969
K02289	38.613861386138616	73.02333485381058	6.9512093922062546	98.61386138613861
K02292	15.959252971137516	75.879544903314	12.107240871090731	98.98132427843804
K02294	33.333333333333336	70.70430796498543	10.197911949113587	99.3006993006993
K02313	20.29950083194676	69.1584619369774	13.100200459526677	100
K02316	37.86231884057971	87.76979947203901	7.139022764462168	99.95471014492753
K02335	40.50167224080268	80.70304188565058	7.975329105842862	99.66555183946488
K02337	42.23227752639518	86.14445220524968	7.49889404673786	99.86802413273001
K02338	29.54545454545454	74.72942659724269	7.752167117440337	99.74747474747475
K02340	4.997160704145376	89.1708395711803	4.113776935410083	99.54571266325951
K02341	49.06580016246954	94.22485647386493	4.929193019934814	99.81045220687787
K02355	17.016317016317018	63.52642755109635	19.151044374630498	99.88344988344988
K02356	41.99134199134199	82.01950238313874	6.306847431436805	100
K02357	43.947858472998135	83.01951457058293	8.431235802306247	100
K02390	36.45066273932254	78.07590260121418	7.522266348246825	98.52724594992637
K02435	43.79562043795621	70.67186086998392	8.7062051278549	100
K02437	41.07142857142857	68.18979395510007	8.247488742273736	99.40476190476191
K02469	41.1665731912507	73.28916028918981	8.05021532266696	99.55131800336513
K02470	30.401691331923885	88.64140685992375	9.591838962767428	99.87315010570825
K02479	26.371308016877638	72.89900935608145	7.359005570621175	100
K02495	19.999999999999996	67.26655671614441	8.313245381055339	93.08411214953271
K02501	20.603907637655418	81.80545823578724	7.33754632522993	99.64476021314387
K02503	13.842482100238662	84.0894136043683	16.068499651655802	99.76133651551312
K02518	28.57142857142857	85.60424116945856	16.715094108365996	100
K02520	32.14285714285714	74.50539170506913	13.181302096175568	100
K02536	22.77657266811279	63.74372640648793	11.299649425625748	99.78308026030369
K02548	28.638497652582164	62.205411958933084	12.389123667033669	99.53051643192488
K02586	18.313253012048193	72.4993591386824	17.44247171223511	98.91566265060241
K02588	13.53591160220995	74.95264404104184	17.840519238629373	100
K02591	17.076700434153402	55.80499382137036	27.58854323860221	99.27641099855282
K02593	43.82022471910112	75.8298078818481	7.640622764756891	97.75280898876404
K02594	13.245033112582782	75.14690042763755	15.21991044477757	99.55849889624724
K02595	39.568345323741006	69.17015463020763	9.370549633769773	100
K02596	14.626865671641786	68.87401818745103	19.11579232855128	99.70149253731343
K02597	46.61016949152542	69.24106223838605	8.866469855610784	100
K02601	57.59493670886076	76.08624216852066	7.413497540699103	100
K02632	12.357414448669202	67.62810066992577	16.71962085985243	97.90874524714829
K02636	28.19383259911894	80.03508440445809	9.846251338630088	100
K02640	28.169014084507037	80.50330971335258	11.994690977378434	100
K02643	30.645161290322577	72.2329981200203	14.302387200685933	100
K02653	18.650793650793652	61.64622549281004	13.864324964272237	99.60317460317461
K02654	39.10112359550561	69.84771745345418	7.427325587194947	98.87640449438202
K02668	43.00932090545939	74.08720739497096	8.165921698423233	99.33422103861518
K02669	37.03703703703704	67.65264034906892	10.81372353629678	99.86772486772487
K02687	17.52921535893155	71.51881980331696	9.271713730300199	99.8330550918197
K02692	52.05479452054795	78.81546054148794	6.69280106237459	100
K02693	31.09756097560976	73.40335139502166	14.864221630298491	100
K02694	45.652173913043484	75.09862973666266	9.160161667383537	100
K02696	26.136363636363637	74.49840015057406	10.189792318202786	100
K02697	26.262626262626267	81.50699885310009	7.727776745958093	100
K02698	35.82887700534759	72.44693878692198	7.908264880507557	100
K02699	31.174089068825918	60.2402022756005	12.639604508935411	100
K02700	19.999999999999996	67.90222222222222	19.996341050165277	100
K02702	18.75	73.45486111111111	12.993514634101352	96.875
K02704	21.824104234527685	80.8000951169257	10.24718969027038	100
K02705	36.51191969887076	70.86116221447332	15.867296564003372	100
K02706	11.638954869358676	81.09238111326819	21.174572281245936	100
K02707	36.274509803921575	76.62527233115469	9.841861141627248	100
K02708	37.65432098765432	89.77604738611028	9.274819920340397	100
K02709	43.61702127659575	79.72533849129594	8.931381030502102	100
K02710	41.7910447761194	81.61873281991868	9.351614631254185	100
K02711	25	67.39583945466299	24.27662110523712	100
K02712	43.66197183098591	85.15763746021699	9.682225691288552	100
K02715	26.5625	63.664223005255614	15.29842834092077	100
K02716	39.39393939393939	67.07860978935359	10.307442422374573	100
K02717	30.76923076923077	69.25330425588157	8.919679028425529	99.6923076923077
K02718	32.83582089552238	84.42759606224199	10.876564425824487	100
K02720	27.67527675276753	67.59915523683539	11.920114326043752	100
K02722	24.0506329113924	68.08990734070491	22.48481797738058	100
K02723	17.204301075268813	75.34246575342466	13.51418198929201	100
K02724	16.10169491525424	76.11118492227685	11.549425002055518	100
K02825	22.297297297297302	73.38572793285606	11.3359905649805	99.32432432432432
K02834	38.23529411764706	75.12052440023629	8.34556404049269	99.57983193277312
K02835	6.206896551724139	57.94555523358769	27.911589761015023	99.77011494252874
K02836	15.424164524421592	68.54374417356422	9.076149555075036	100
K02838	54.54545454545454	72.26022334247442	7.462662144943625	100
K02844	23.674911660777386	77.79972961525294	10.638050143040221	99.41107184923439
K02851	9.863945578231291	86.08521312068135	5.293570483716371	99.8639455782313
K02860	45.6989247311828	66.75638101444554	6.4065470202370545	100
K02863	62.213740458015266	77.33580075564808	8.39058936695262	100
K02867	50.76142131979695	86.28282828282828	5.957694073451334	100
K02871	43.75	80.33018033946252	5.766026826755432	100
K02874	42.94871794871795	84.99657273419649	7.41267886583996	100
K02876	35.26570048309179	74.46730760032526	7.786132273265047	100
K02878	47.802197802197796	75.75158175158175	9.83746720641972	100
K02879	64.24581005586592	84.9469550306986	4.397106976844948	100
K02881	41.12903225806451	68.87781036168133	8.04533045633933	100
K02884	52.8888888888889	77.2727730822969	11.072410828425463	100
K02886	21.383647798742132	77.76824852296551	7.9519730569054055	100
K02887	17.886178861788615	77.60482877556048	7.054709711103863	100
K02888	45.8966565349544	76.48824578557648	8.263931207440587	99.69604863221885
K02890	11.16751269035533	74.98132362800499	20.97881302602292	100
K02892	37.5	66.16041366041367	10.63536191632253	100
K02895	39.00709219858156	70.63399957016978	9.349198271285209	100
K02897	16.61538461538462	64.8430422623971	14.201807314934792	99.6923076923077
K02899	37.735849056603776	75.10495688257797	9.134144768440978	100
K02902	32.49999999999999	80.50178657321514	7.696789560926307	100
K02904	21.91780821917808	71.426409852177	9.619105522697682	100
K02906	34.61538461538461	75.48287066468885	8.214999716623154	100
K02909	68.6429512516469	95.98935545728486	1.6033622631380204	100
K02911	30.379746835443033	75.85099295505124	8.11296745313033	100
K02913	34.883720930232556	83.44368809485088	7.6020726782498205	100
K02914	61.111111111111114	77.72883710650122	8.376576794919377	100
K02916	36.36363636363637	80.24113558263043	8.239814598767513	100
K02919	34.14634146341463	80.39915239577928	16.797094807321294	100
K02931	49.75609756097561	79.92736054093214	6.9373320383102834	100
K02933	48.698884758364315	78.40928999963194	6.473177570844667	100
K02939	16.75126903553299	68.95562145046992	9.60741731756405	100
K02946	58.82352941176471	92.014229934398	5.926097555169401	100
K02948	61.940298507462686	85.05881483670755	6.216561426892086	100
K02950	40.86021505376344	90.45144662454274	8.996228776313638	100
K02952	57.8125	79.75170173267327	7.642935564199603	100
K02954	40	73.72131102553078	8.371738696582074	100
K02956	25	79.725677830941	7.724235531740872	100
K02959	34.602076124567475	85.37415724324903	9.540065457293695	100
K02961	26.88679245283019	86.96455117209834	8.32453805216934	100
K02965	34.92063492063492	83.26669809838127	9.013859284970444	100
K02967	46.838407494145194	79.77711541645968	7.572427352392904	100
K02968	23.121387283236995	73.69268954735512	9.073389214510172	100
K02970	38.38383838383839	76.59410643906767	8.266093388505015	100
K02982	44.329896907216494	76.67149807764281	7.739686767788571	100
K02986	37.33905579399141	81.56461700299836	6.969514532275499	100
K02988	46.7391304347826	79.32367149758454	10.232688172333726	100
K02990	38.62536302032914	91.02505904317314	7.374863404306043	99.90319457889642
K02992	59.61538461538461	76.2743638295921	7.69770341719365	100
K02994	45.98540145985402	73.84360771843608	9.52682660321512	100
K02996	35.37414965986394	75.95891425877282	8.0084123110353	100
K03040	16.23108665749656	84.71757239435289	6.223266328617091	100
K03043	38.601036269430054	86.61854294237715	6.540272396478999	100
K03046	45.003383713061126	83.92701355760668	11.702117599413524	100
K03060	39.0625	74.93842804111937	11.27604628503993	100
K03073	44.978165938864635	80.33095840036773	7.456684775165662	100
K03075	44.44444444444444	79.58586260009922	9.365629885935496	100
K03076	24.169741697416967	74.08315370282416	9.033871869047127	99.81549815498155
K03088	43.14850223072021	83.63784247967317	8.916166967922921	100
K03090	36.328125	85.77672346764048	5.781244596498157	99.70703125
K03098	35.767022149302704	67.73779864086126	7.336101500082757	98.93355209187858
K03100	17.438867438867433	89.60644576702971	3.8523631022410236	100
K03101	50.825082508250816	70.25182636083932	8.236313419646278	99.33993399339934
K03106	28.837209302325583	77.18682570127068	7.855461139103541	99.53488372093024
K03113	35.922330097087375	69.77511724240301	10.035931150292061	99.51456310679612
K03118	41.34948096885813	80.68821221636017	7.509304084506116	99.82698961937716
K03154	21.47239263803681	78.7339994501374	9.006625956099768	99.38650306748467
K03168	32.42867084203201	69.1948582499941	14.221581215062132	99.65205288796103
K03177	33.716475095785434	69.09492927555326	7.244130815436793	97.89272030651341
K03179	28.97526501766784	70.56543126128857	11.053402713850504	99.64664310954063
K03181	23.024054982817866	63.01934561618277	16.84229646456627	100
K03183	42.00053418803419	96.43625424125288	5.989344226647466	99.9732905982906
K03186	24.32432432432432	73.6276901901902	10.761906755701387	99.32432432432432
K03187	39.50953678474114	74.87244425842566	8.073269523715528	100
K03188	34.44730077120822	65.08477513647786	9.513903930455083	98.97172236503856
K03190	40.98039215686274	62.46020905240998	11.284201559635749	98.43137254901961
K03192	24.77876106194691	51.987559575743546	8.718223490601412	96.46017699115043
K03208	38.56209150326797	74.53144755169828	11.187386227360472	98.56209150326798
K03216	39.662447257383974	69.3252163414912	11.90916350071817	100
K03284	19.308943089430898	59.485952454461255	14.029503263094904	96.54471544715447
K03287	32.82994090610637	67.91529831490472	8.622275227226517	99.0151017728168
K03292	27.259684361549496	59.51939222300305	11.724136611877128	99.71305595408894
K03296	46.63755458515284	65.99642230405358	8.475381555317492	99.47598253275109
K03299	19.320214669051882	64.07160621567881	21.032891835454443	99.46332737030411
K03301	25.67145534041224	61.36653721858621	13.010378547681201	98.62585883822611
K03306	35.49939831528279	73.46221665561532	12.183152596260468	97.23225030084237
K03312	11.992945326278658	46.11239063526645	18.245504953226828	99.47089947089947
K03316	15.11335012594458	70.935074077245	11.075914211292774	100
K03317	44.381384790011346	67.66183600383637	10.93908616968457	98.5244040862656
K03320	39.47653429602887	91.34455623757823	5.579301932826011	100
K03321	30.41144901610018	62.374499141181246	13.341216891370523	100
K03325	15.836298932384341	62.363309929146226	17.075375699739578	99.4661921708185
K03327	21.279999999999998	45.316140069500136	12.513333281058056	95.19999999999999
K03328	23.720472440944885	62.603419908332356	7.8703167044465685	99.01574803149606
K03424	1.205997392438074	96.1422863929157	1.677399726011887	99.90221642764016
K03428	45.475638051044086	86.95588701614426	10.345478965350999	99.88399071925754
K03442	22.421142369991475	75.28757401903182	13.76378555586583	97.18670076726342
K03453	17.10914454277286	60.36395363330425	13.784674824952052	97.49262536873157
K03455	16.36167922497309	56.69291222634697	16.79676851056969	98.81593110871906
K03465	34.64212678936606	88.5328715297081	9.471883064392358	99.87730061349693
K03470	45.27777777777777	67.47345122184039	6.592662297279223	98.88888888888889
K03495	20.561941251596426	78.79343385637857	8.254804642224997	99.74457215836526
K03496	49.08144519289651	90.30995686204986	5.095479220323826	100
K03498	23.25581395348837	65.84456370502882	13.10255866473123	99.37984496124031
K03499	8.349146110056926	71.24151310231822	13.089709517838651	100
K03500	79.84163642362256	90.4856157892845	3.196400319364283	99.90102276476411
K03501	46.44549763033176	64.14609493330728	9.40340775211985	99.52606635071089
K03517	19.480519480519476	70.28568215952261	11.66451057570848	99.74025974025975
K03523	30.481283422459892	67.54613691206511	10.606210940742807	99.19786096256684
K03524	48.69109947643979	67.11513881744202	7.670565697161768	98.95287958115183
K03526	22.197802197802197	82.55898530251571	8.65868316438123	99.78021978021978
K03529	21.79121505989732	60.77575642267386	11.231686481652469	99.60068454078723
K03530	36.44314868804665	89.76265167172187	6.925846343134007	100
K03531	13.826940231935769	87.82891870050325	7.53742096793594	100
K03544	16.201117318435752	78.16188540672316	10.42630164290966	100
K03545	34.693877551020414	65.72272176197211	8.308177926469172	98.9795918367347
K03548	21.075268817204297	62.05341657995144	10.398414637455785	91.18279569892474
K03550	29.392971246006393	60.83161990320438	12.151552913558067	99.36102236421725
K03551	28.846153846153843	90.91941911759159	3.2372235571123515	99.76689976689977
K03553	31.074035453597492	91.51920941221147	10.775621691196777	100
K03555	11.34823848238482	77.38352128682577	14.610961139130517	99.6951219512195
K03559	39.43089430894309	72.91222822414193	11.229658896389603	99.59349593495935
K03564	24.925224327018945	88.07497023175611	5.114519847128632	100
K03568	18.496240601503754	55.747325279074666	19.044663637529514	100
K03569	28.104575163398692	81.12708289526019	9.556089267438365	100
K03570	84.32408630559225	92.87128058594374	1.8423856391343167	99.82386613826509
K03571	39.632545931758536	70.85343279458489	7.068661511525467	98.9501312335958
K03572	32.83858998144712	75.00927643784786	7.438281179302845	99.53617810760667
K03584	40.888888888888886	71.11324889102667	6.623510390243387	99.85185185185185
K03585	48.45679012345679	72.5454517535778	5.836911301741798	100
K03592	20.918367346938773	51.83326203152068	17.059151491213708	99.31972789115646
K03593	27.926078028747437	70.75440595820018	12.992666284179013	99.58932238193019
K03596	24.27921092564491	82.275794393722	7.369597348486897	99.84825493171472
K03602	24.50331125827815	54.763296317942725	15.926991452126652	95.36423841059603
K03605	35.2112676056338	76.23317683881064	13.956332019782037	96.24413145539906
K03608	18.678160919540232	80.2526792674576	8.222755112830871	100
K03609	47.75160599571735	79.30897853413833	8.979630242524479	99.78586723768737
K03610	43.03621169916435	69.99619650864108	9.219742307075322	99.58217270194986
K03621	35.63636363636363	64.648317808848	16.413917432341847	99.63636363636364
K03625	35.26093088857546	82.84782949380975	6.392964221119555	99.4358251057828
K03630	22.192513368983956	79.38928931256297	8.93437053407798	99.73262032085562
K03631	16.413373860182368	75.82600071633694	7.748300253383915	99.16413373860182
K03638	30.165289256198346	68.67841090329128	11.535824465572126	99.58677685950413
K03641	17.37357259380098	97.87647779650965	5.663849624752549	99.98980424143556
K03650	16.855087358684486	77.00708506977777	15.506627384150162	99.79445015416239
K03654	28.500881834215164	81.7594331775968	9.84934704670364	99.75308641975309
K03655	19.250871080139376	54.46181900383187	18.533831806312232	98.95470383275261
K03664	35.26785714285714	74.78968253968254	9.601570443744498	100
K03665	15.751789976133656	77.79840469990933	11.169984452392605	100
K03666	37.5886524822695	69.04121142419015	8.635402452889947	99.29078014184397
K03676	41.737649063032364	93.40519442224402	6.884782029669926	100
K03685	20.758354755784058	85.72918577998449	11.303069271684706	99.93573264781492
K03686	41.54786150712832	79.06097010935511	8.241136234831057	99.93211133740665
K03696	29.154302670623146	79.27524306246039	15.399211706282676	100
K03701	15.475189234650966	72.84234780772887	12.809855903442765	99.66358284272498
K03704	38.24247355573637	89.51119059947375	8.279502644548781	99.9593165174939
K03705	47.91288566243194	70.37098653402343	9.00543966450699	100
K03723	25.950920245398766	71.37488883352974	10.30468032006563	99.50920245398774
K03727	28.866714183891663	69.53446490153546	9.758802530401637	99.50106913756237
K03737	29.040667361835247	77.47082486443456	9.087536685922567	98.95724713242961
K03741	17.573696145124718	88.96693608847127	12.063196658137983	99.77324263038548
K03786	39.8936170212766	66.1677565932885	8.038721756710695	99.46808510638297
K03787	20.309905921416714	95.8585914594748	2.346272744943355	99.86164914222468
K03790	23.425692695214106	61.11114467954939	7.591421125536005	98.2367758186398
K03797	35.44819557625145	82.57058051983101	5.595087236913016	99.941792782305
K03798	45.002823263692825	80.08687739061119	7.647154732670401	99.94353472614343
K03799	24.539007092198585	80.46491498558298	13.471326087739943	99.9290780141844
K03800	42.93785310734464	70.27814989548347	8.393447651455034	99.81167608286252
K03810	30.040322580645164	74.87419454585353	9.99613652904242	100
K03820	39.85765124555161	64.897424296255	9.600354760704759	99.8220640569395
K03823	24.61752433936022	84.06674418781398	11.223887568746836	99.16550764951322
K03828	35.483870967741936	82.49959576360256	7.649553076323243	98.38709677419355
K03841	46.228710462287104	78.86237910205662	6.159563116907525	99.51338199513383
K03856	19.999999999999996	71.64281017386044	15.567016637321558	100
K03862	13.518886679920472	48.70173914496216	28.863032168404434	98.2107355864811
K03885	36.28257887517147	77.92895886433944	7.417703583130721	99.519890260631
K03892	18.852459016393443	76.28653052063778	11.855291424305573	100
K03924	30.379746835443033	78.1694813340383	9.593570980947575	99.84177215189874
K03969	51.94805194805194	86.65283567433308	5.043654462095945	99.92784992784993
K03979	47.30538922155688	76.43315718593735	5.576221622188909	99.8003992015968
K03980	21.149186569747314	86.582079924153	6.728270038088336	99.51540325372102
K04037	29.085872576177284	79.96844681271429	18.123982064087116	100
K04043	37.83602150537635	88.18088697083172	5.6787365654949555	100
K04047	21.457489878542514	51.55511705426472	17.038979935377093	100
K04065	34.01548672566371	91.89150198244639	7.917381159757463	99.66814159292035
K04066	25.976385104450493	75.27377164231116	10.649903442320472	99.63669391462307
K04075	41.34125636672326	81.29823483439782	6.344137872378559	99.23599320882852
K04077	15.509259259259256	77.3605878754216	17.890238500937134	100
K04078	43.20388349514563	89.2268204956521	6.6229256644762815	100
K04079	13.856156034132471	89.92767662881519	4.349713799075197	99.83746444534742
K04083	38.39779005524861	71.62527766702739	12.314334483413845	99.72375690607734
K04094	13.565217391304351	73.13029848712007	13.82952717334036	99.1304347826087
K04096	24.224224224224223	73.4864064669459	11.95321106080362	100
K04485	27.3202614379085	71.20601776063961	9.33052157872277	99.34640522875817
K04518	39.334637964774956	70.93621166638658	7.797294022491614	99.412915851272
K04564	17.169811320754715	75.41200243457091	8.458104107526637	100
K04567	15.705128205128204	69.70163497551138	9.828016974137624	99.35897435897436
K04651	23.42857142857143	57.75598579447818	13.8292011226951	99.42857142857143
K04654	20.833333333333336	64.45220193340494	11.328759029197984	97.80701754385966
K04655	23.853211009174313	63.17790969598849	11.716583584131186	95.87155963302753
K04720	39.31357254290172	67.06342201056464	10.240451442720717	100
K04773	27.32181425485961	70.58409161853518	19.567267857409103	100
K05275	27.454545454545453	60.608603263682674	14.199620125165382	99.27272727272727
K05356	53.03030303030303	71.0294959908362	7.194266587963805	99.39393939393939
K05369	28.28947368421053	59.658163027248975	17.782719616413548	99.3421052631579
K05370	7.913669064748197	47.19341548038165	23.151090778028667	98.92086330935251
K05371	23.148148148148152	60.49498838772766	12.999486444663933	97.22222222222221
K05376	37.05882352941177	70.82081768877764	13.239815803843697	100
K05377	30.375426621160408	74.76566142598706	12.957459647129507	100
K05381	24.83221476510067	63.54238987888606	12.345626977974911	98.65771812080537
K05382	19.512195121951216	62.12186214049706	13.542338061187557	99.65156794425087
K05383	31.72413793103448	62.43603825500377	11.41452976568677	98.9655172413793
K05385	30.389523169912692	84.26704760227094	11.217188318726855	99.19408999328408
K05515	18.796992481203013	61.00158172100241	10.519762902492698	98.7468671679198
K05516	26.20643431635389	82.2846211969367	7.051061204638216	99.86595174262735
K05520	30.64285714285714	82.77833337531803	8.42901369243202	99.92857142857143
K05521	7.78097982708934	68.55668783148946	15.785435962354166	99.85590778097982
K05524	35.15981735159818	87.16976821113009	14.477659400682256	100
K05566	41.28787878787878	74.00465791757433	9.427808501687315	98.48484848484848
K05567	42.77777777777778	78.4601381042059	10.513561034386878	99.44444444444444
K05570	47.05882352941176	75.51968155683326	6.69273536914183	100
K05571	3.0991735537190035	88.48270333739782	13.432775519809729	99.58677685950413
K05583	30.434782608695656	74.9039575583877	9.034926224135384	100
K05584	45.40540540540541	73.67319081604795	7.896782369605849	100
K05585	21.739130434782606	63.8153271848924	11.751408483691444	100
K05592	32.83767038413878	76.99505471810305	10.535722502568316	99.81412639405205
K05595	34.48905109489051	70.50762930052844	9.905382132322313	99.45255474452554
K05770	25.308641975308642	75.1020080728243	12.466091391442959	98.4567901234568
K05794	7.038626609442056	88.11720639875146	4.255495106542716	99.91416309012877
K05795	29.411764705882348	85.0320598543481	13.18756871110266	99.4281045751634
K05803	29.343629343629342	65.92222474575416	13.232243615177678	94.98069498069498
K05808	19.41544885177453	80.07914124861168	7.146367725143778	100
K05810	46.913580246913575	67.03775295914471	10.631808656676682	97.94238683127571
K05837	27.027027027027028	67.93096066363393	9.76421644728963	99.00426742532005
K05841	19.144981412639407	47.4859921340445	15.146003622683633	95.91078066914498
K05886	24.619289340101524	79.58685272337424	9.256562989796189	98.98477157360406
K05896	3.848895224518889	86.65926549889487	3.251672921742936	99.64362081254454
K05946	42.91979949874687	84.04633378317588	8.22599442386385	100
K05979	16.943521594684384	79.91864547504626	9.289692057777808	99.66777408637874
K05982	18.466898954703836	70.5508042093408	12.006692307413934	98.25783972125436
K06024	79.59697732997482	92.03693526541988	2.3781095131939294	99.8320738874895
K06027	30.415162454873645	65.96676024898578	17.244757702824643	99.90974729241877
K06045	34.88120950323974	78.76396345276652	5.44100699763951	97.94816414686825
K06048	18.93687707641196	57.02708144568609	21.278711868593057	95.84717607973423
K06076	46.6823253082795	77.67061671935424	5.536096188255749	97.70992366412213
K06118	24.634655532359083	69.0581037226896	18.943712557427865	100
K06149	18.76750700280112	63.435006914158066	14.930813889817887	98.8795518207283
K06153	38.04143126177024	68.30205384179385	7.225606561035036	98.68173258003766
K06158	28.721804511278194	73.97613950725341	10.289170809594038	99.84962406015038
K06160	32.542819499341235	64.86591873943652	10.38841225101497	97.62845849802372
K06168	21.60804020100503	77.46867211199181	10.139101517976869	99.49748743718592
K06169	35.36585365853659	64.6430438312591	12.475684029892193	98.78048780487805
K06173	37.80760626398211	68.01762592366619	9.74694090338029	99.77628635346755
K06177	30.755232029117373	69.78386768720227	11.931839693842564	96.9972702456779
K06191	47.20812182741116	76.91264102197931	5.055554976229524	98.98477157360406
K06196	42.07547169811321	73.04893963398932	12.468671255365633	99.43396226415095
K06197	21.65605095541401	65.41875592898766	12.809999437856868	99.36305732484077
K06199	26.57657657657657	54.73801032153435	9.478100279201755	96.84684684684684
K06203	28.798185941043087	62.29129600558172	8.817799024746757	86.84807256235828
K06206	46.500777604976676	80.78284992304098	7.331141488688101	98.75583203732504
K06207	17.637795275590552	81.87379175005722	9.133606928414885	99.84251968503936
K06213	18.999999999999993	63.77657886385274	13.467663891505147	100
K06217	27.10997442455243	70.42147557310145	9.70771949445063	100
K06218	27.84394250513347	95.40974688638264	5.640846113135821	100
K06223	52.045133991537384	84.28986551336719	4.536572811574582	99.36530324400564
K06281	0.17482517482517723	70.42495965572888	23.393695520840925	98.95104895104895
K06282	47.09302325581395	83.93798449612403	8.790085574976795	98.83720930232558
K06381	40.72363356428021	69.44851531156185	9.17295916520753	99.76905311778292
K06384	46.42857142857143	73.75407305779454	8.091897043116816	98.46938775510205
K06442	48.11529933481153	74.02123227843849	6.091000112350137	98.89135254988913
K06610	26.49572649572649	51.36639577377066	14.989734900849855	99.48717948717949
K06718	36.117936117936125	65.475910693302	6.646412709655246	98.52579852579852
K06864	23.31288343558282	75.29288553018151	10.56866127160314	99.59100204498978
K06871	37.20565149136578	74.74238848901922	10.508319789337296	98.58712715855573
K06872	37.05932932072227	78.29017411945746	10.821504982961335	100
K06873	40.44943820224719	61.231756052357234	9.502007196610537	100
K06876	27.015558698727016	59.867639166813326	15.105539655527958	99.29278642149929
K06884	57.92079207920793	79.83037274315667	7.422196029633164	97.52475247524752
K06885	39.32135728542914	58.01016324838246	11.638393156952684	98.20359281437125
K06888	23.77358490566037	65.3237935413643	16.817417903825582	96.41509433962264
K06890	15.14195583596214	69.576278862778	14.167659323348728	100
K06891	3.6363636363636376	91.71184581144682	8.71587832711428	100
K06893	23.815704088254385	84.70854553734628	14.581924628402579	99.415963659961065
K06894	22.12189616252822	55.507412076260835	27.1070513124639	99.36042136945072
K06898	35.35353535353535	67.9840718178347	12.925144029866905	99.4949494949495
K06900	32.432432432432435	68.25640080655532	11.889381022140077	98.41565703634669
K06903	30.516431924882625	60.189607856478645	10.114334328054753	97.1830985915493
K06907	59.31458699472759	82.00167560286086	6.200579391477991	98.06678383128296
K06911	8.760484622553587	82.206968391618	9.719838629373102	99.90680335507922
K06915	34.30860327412052	84.97705265051812	10.858510615577458	100
K06916	26.815101645692163	51.397811610783535	14.352773476716983	89.06098741529526
K06920	5.742574257425748	77.24479765909936	12.344851979884774	99.8019801980198
K06921	35.56016597510373	74.63063764925057	12.691960985015449	98.79668049792531
K06923	52.05930807248764	69.34190913857957	6.502731122754102	98.68204283360791
K06940	21.640735502121643	90.87328732873287	5.262179149580525	100
K06941	31.5018315018315	73.95986477619131	7.077160932828942	99.08424908424908
K06942	12.99019607843137	77.66313596145528	9.255181005437777	99.75490196078431
K06946	25.616291532690248	62.234181380568245	18.488160442114772	97.53483386923901
K06949	78.61635220125787	89.76388616732298	2.7998019363733175	99.80648282535076
K06959	17.586206896551726	77.9336202725923	6.690216529187613	98.85057471264368
K06960	38.983050847457626	62.69352998696219	8.084968161109677	100
K06962	45.03546099290781	70.92444838455476	7.935683198746987	100
K06966	25.644329896907216	84.42705268393334	7.327441571318397	99.74226804123711
K06971	40.34653465346535	78.78103027694074	8.329006931505319	99.75247524752476
K06978	40.03067484662577	75.40456437284209	7.598242602341139	99.30981595092024
K06985	30.629669156883676	85.48396851347681	7.7916856813480475	99.83991462113127
K06987	19.842829076620827	48.36185240418476	18.986886155992124	98.82121807465619
K06991	33.00492610837439	66.69038176258665	11.6277953806252	100
K06995	20.952380952380956	80.63289601554908	9.045172659268845	98.57142857142858
K06996	24.736225087924968	64.09227089180196	12.70009691992878	99.41383352872217
K06997	48.34905660377359	74.14567313489147	6.20188864182849	99.05660377358491
K06998	33.060109289617486	54.39821830371493	11.282663207924733	96.17486338797814
K06999	53.73831775700935	79.54172514920178	5.146773847531132	98.75389408099689
K07005	14.130434782608692	49.59224752703014	21.126336459541626	97.82608695652173
K07007	32.575068243858055	76.20034414724456	13.011827951380582	99.45404913557779
K07008	50.51546391752577	70.47826643269723	6.128406069748311	100
K07009	39.473684210526315	73.78296428174029	7.026551008341383	97.69736842105263
K07015	17.910447761194025	63.281685203326994	11.418338747290132	100
K07019	31.715771230502597	62.20553308941524	14.723596332792066	98.44020797227037
K07037	37.46458923512748	62.70673363649918	8.005827090267832	98.65439093484419
K07040	38.42975206611571	64.05952505492206	9.0624916972824	97.93388429752066
K07043	9.153318077803208	51.52212604605401	14.401765830239842	97.94050343249427
K07052	55.61681598897312	74.19293340207138	9.458136722266289	99.79324603721571
K07053	17.69662921348315	86.72013928213076	5.1247417734778615	100
K07056	36.30434782608696	70.99614335873301	8.088951906945981	98.69565217391305
K07059	19.928825622775804	65.63020856795352	11.63649237576215	99.644128113879
K07063	17.543859649122805	44.31634642160958	12.204956370173559	97.07602339181287
K07065	18.43137254901961	54.37064856014115	8.590294869276732	100
K07071	13.020833333333337	50.012084694989106	24.873328345102436	99.47916666666666
K07074	23.062381852551983	59.54035320764999	23.59303621098719	99.4328922495274
K07075	39.801980198019805	82.93331278653157	5.4998335894657355	100
K07079	25.581395348837212	60.6904531791281	11.756119302996984	99.10554561717353
K07082	19.658813972380173	91.38670981152181	10.376741277414457	99.67506092607637
K07085	14.253647586980922	66.50378428156206	16.1433341437692	99.88776655443323
K07086	27.55474452554745	66.96450647382137	17.434129607338956	100
K07090	35.83815028901734	66.2841476074645	6.90732482880895	99.56647398843931
K07098	15.192307692307693	82.53415991902834	8.367676125856534	99.51923076923077
K07100	32.68292682926829	63.32039911308204	10.588528081461066	95.85365853658536
K07110	3.0172413793103425	74.13319238900634	11.937527808954663	99.05172413793103
K07119	22.711058263971463	52.41268532765346	13.421111575264664	99.16765755053508
K07120	24.853228962818008	62.1122804697074	27.65794939860715	100
K07131	18.691588785046733	77.02917282659128	19.65341557214541	99.68847352024922
K07140	35.4	57.92836036036036	12.21359174747785	95.39999999999999
K07147	55.73122529644269	76.57305877852862	4.515902496659475	100
K07171	36.54618473895582	61.2489060400864	6.342754035783514	99.59839357429718
K07190	21.135873472322075	58.99871539522221	22.601664063782998	98.63407620416966
K07192	18.59601754978063	83.49006652907373	9.26503224195638	99.86500168747891
K07217	11.71662125340599	54.32375947654266	26.49219571175427	99.45504087193461
K07226	22.418879056047203	67.66265054181221	15.930676478170763	98.52507374631269
K07238	11.136363636363633	55.61310782241015	20.92569391068432	100
K07240	22.343749999999996	55.723793512658226	11.588321239512306	98.90625
K07242	20.8969465648855	88.84354778157686	4.010394848856838	99.1412213740458
K07243	49.770992366412216	76.73832440377412	7.715428065288313	98.62595419847328
K07251	19.220779220779217	61.258172100008835	13.583263483551878	97.40259740259741
K07259	44.25287356321839	62.50143719519055	8.64523459974032	98.75478927203065
K07263	46.68071654373024	78.22102311185706	10.168933839189028	99.57850368809274
K07300	12.334801762114534	69.39782545883452	13.706923788573608	99.11894273127754
K07301	42.030848329048844	66.06910283038933	11.019498296729747	98.84318766066839
K07305	15.226337448559669	63.412341996483185	13.342423254623299	99.1769547325103
K07313	12.919463087248317	71.99892558577652	12.043430254105003	99.83221476510067
K07339	62.92134831460674	86.31240221874556	4.934545914115137	99.71910112359551
K07340	22.933884297520656	59.297778703169826	17.653176964562327	100
K07341	39.67611336032388	64.60223986539776	7.07239104707671	97.57085020242914
K07390	51.07913669064747	80.30621884681494	6.27520059958396	100
K07399	29.903536977491964	59.47430054330215	14.30895286290948	99.35691318327974
K07447	31.939163498098853	67.71333102892038	10.335111968669407	100
K07456	34.56865127582017	67.97648006949026	16.437201811897143	99.75698663426489
K07460	29.194630872483216	60.99651686347804	7.941639837999491	99.32885906040269
K07462	43.577075098814234	73.90632934586289	8.286451797488557	99.30830039525692
K07478	21.58273381294964	57.28218862466181	15.14766007187788	98.86947584789311
K07486	19.330855018587357	52.374819905073245	15.932627526074082	100
K07491	42.817349781138084	94.22679122387946	3.9861075646065998	100
K07496	63.01546391752577	85.93932184634973	3.5018390635564853	100
K07507	27.027027027027028	69.8725838514571	11.46524116785823	98.64864864864865
K07560	24.17582417582418	74.7985347985348	10.452263378587945	97.25274725274726
K07566	43.14002828854314	79.18289006495091	7.385339073658109	99.57567185289957
K07726	12.618841832324978	79.57472811251478	17.27414599398793	100
K07727	20.301507537688444	89.95812207735204	5.502010036956065	100
K07738	40.44117647058824	69.10345717234262	7.78766639996187	100
K07746	22.910578609000588	95.58644579940943	2.053681419995347	99.9415546464056
K07778	39.01918976545842	60.67215694081366	11.361817975182342	98.93390191897655
K08218	38.97142857142857	64.95787520749927	11.719780641328263	98.97142857142858
K08226	20.873786407766993	60.96954564169312	10.262571734483299	99.02912621359224
K08234	33.9622641509434	77.26362331687139	8.819240616021121	99.76415094339622
K08289	35.836909871244636	69.34171693828347	11.32241793373984	98.71244635193133
K08296	35.35353535353535	65.82028764159348	10.239266088861104	98.65319865319864
K08303	31.008403361344538	65.35785742868576	12.632500140448581	95.96638655462185
K08304	24.01883830455259	65.36563222680515	9.044373361810479	97.33124018838305
K08316	27.89115646258503	71.63718820861678	11.674983062891837	98.41269841269842
K08480	31.319910514541384	53.58645240312496	13.165917380099247	97.76286353467562
K08481	27.572815533980588	83.00479162150754	15.145267581496281	100
K08482	15.158924205378977	87.45270600372903	14.102573082881845	99.90220048899755
K08641	49.25503943908852	84.15762624068032	7.619416223455687	98.94829097283086
K08902	38.57142857142857	67.83658566519391	10.146118516700245	99.52380952380952
K08903	29.807692307692314	75.344357477385	8.57667659864466	100
K08963	25.319148936170212	71.82650242627847	11.978512034612331	98.93617021276596
K08967	22.86821705426356	51.950065438437534	14.653213903735681	98.44961240310077
K08972	40.98360655737705	66.85326723347927	7.731930943548929	100
K08973	45.48872180451128	70.23020663125335	8.864386552345355	99.24812030075188
K08986	28.296703296703296	57.10903811378495	12.055007151774081	98.35164835164835
K08992	55.19713261648745	70.94581712804087	7.665225069170938	97.4910394265233
K08994	20.238095238095234	61.50111023528745	12.907855455385862	98.01587301587301
K09005	30.694037145650043	87.25876382704683	5.761563113597154	100
K09012	12.005649717514121	84.27882423549916	6.490128977925933	98.58757062146893
K09013	26.64670658682635	77.2144801306478	7.1512214946925905	100
K09022	22.26148409893993	76.81337359049313	20.204739783710053	99.82332155477032
K09117	19.274809160305338	79.78007997091966	20.65796808912336	97.13740458015268
K09118	40.938416422287396	65.25082979274718	7.214069415530919	97.41935483870968
K09121	17.114427860696512	72.7051964221054	9.61300945837177	98.90547263681592
K09131	18.644067796610166	77.40801984291029	8.696234504768265	100
K09136	20.39408866995074	50.48003668693324	16.744965569903762	98.7192118226601
K09457	15.565031982942434	87.80624244949996	5.202910770993131	100
K09705	34.54833597464342	82.99177113402364	6.718640013107213	100
K09744	51.1061946902655	72.48162386962619	6.588029972545522	99.11504424778761
K09748	28.708133971291872	58.37571891160408	14.442885737783923	99.52153110047847
K09761	29.610829103214886	72.71477067665172	8.377564642695603	99.66159052453469
K09763	29.57627118644067	96.40786386714444	2.1923649086351653	99.95762711864407
K09767	29.670329670329664	72.07979435065619	10.770922149462745	98.9010989010989
K09772	38.46153846153846	67.50517677736023	10.643082272810672	99.73474801061008
K09775	32.365145228215766	70.29380730347492	11.69909590834958	100
K09777	43.63636363636364	85.99694055944056	6.088828961499234	100
K09780	34.183673469387756	67.3829475924448	12.633169751303717	99.48979591836735
K09792	17.59834368530021	66.49906339347334	11.203395856375938	97.30848861283644
K09793	31.92182410423453	75.77876753307186	10.376659850840442	99.6742671009772
K09803	18.42105263157895	74.71975314407482	6.743540272755739	100
K09807	35.15789473684211	69.46043631650947	8.848241582554271	100
K09833	49.887640449438194	68.91954898574328	6.414490650774518	97.07865168539325
K09834	46.11032531824611	79.74246604988367	6.659123075965269	98.01980198019803
K09835	19.489559164733183	72.91442158347874	14.095279705034125	99.53596287703016
K09836	35.0383631713555	59.930267759277626	7.950754367269381	88.23529411764706
K09903	21.6374269005848	79.67141450987204	15.150533162574558	99.70760233918129
K09919	24.801587301587304	65.69684944684944	11.636203813417314	98.01587301587301
K09928	35.588235294117645	63.08582449373192	8.910117272275283	100
K09931	31.027667984189723	89.62830536486143	4.887523283854617	99.86824769433466
K09932	28.992628992628987	54.235856678190466	9.922017877349257	92.13759213759214
K09935	33.81742738589212	83.82425801186889	7.71176663998571	99.79253112033194
K09936	15.340086830680178	48.70787678313004	18.011788917735593	97.5397973950796
K09940	45.16556291390729	86.751336121761355	7.021738328701646	99.86754966887416
K09942	51.56195156195156	88.77225481648087	9.048027046867887	99.92979992979994
K09951	20.97902097902098	59.7796643430003	11.087384967406383	100
K09966	37.34177215189873	63.887229570631646	11.713552546763141	100
K09969	35.651043781983596	98.51267619951605	2.8448116685250318	99.91877183007067
K09981	24.193548387096776	48.289542143600414	15.137437731110206	97.98387096774194
K10206	22.687609075043635	58.055118379682064	16.300668324044967	99.47643979057592
K10255	25.189393939393945	56.180192462659996	18.66794637824149	99.24242424242425
K10257	14.889336016096577	57.3961595405278	18.51936395481851	98.39034205231388
K10680	23.093681917211327	61.44002802235988	12.220878134618493	93.68191721132898
K10716	30.728709394205445	83.63422593445449	12.081354408551896	100
K10773	35.637779941577406	88.95356351948712	4.864931260033965	99.7078870496592
K10819	26.821290514421648	72.79535900295544	21.098532402166068	99.82158786797503
K10917	31.16883116883117	73.07955909636583	7.630639934561364	96.88311688311688
K10947	43.489583333333336	74.26887715179969	15.936662346323642	100
K10960	25.61837455830389	76.30472658573278	13.944826930429905	99.82332155477032
K11071	44.4206008583691	67.07764338665626	11.366026071077433	100
K11145	46	69.55423665546846	6.721359510255668	99.66666666666667
K11206	24.289405684754517	78.2782017812586	8.006491668353336	100
K11209	27.22772277227723	72.07203917113023	13.19727800525616	98.51485148514851
K11325	31.62251655629139	62.421021388687926	10.705527514697886	100
K11354	20.58715596330275	87.43377127087129	8.96568549418289	99.5229357798165
K11473	41.710296684118674	74.28829490830041	8.650081483732771	98.95287958115183
K11520	47.9148181011535	72.36043478140654	7.049014836420741	98.84649511978705
K11645	15.270935960591137	78.00676029766272	17.297491870718332	98.76847290640394
K11720	21.995926680244406	55.631415609683145	10.347978350494307	98.57433808553971
K11749	47.947454844006565	73.9722678343368	6.302787024073106	99.3431855500821
K11754	46.92218350754936	72.26436255704549	7.243517291954041	97.21254355400697
K11777	25.268817204301076	67.5299271440954	12.168713132094862	100
K11951	37.05882352941177	75.79501550851607	9.284757496442712	98.23529411764706
K11960	26.824817518248178	71.39787563999991	9.960618387962223	100
K11961	33.56164383561644	70.99748435650262	9.551630169441962	99.48630136986301
K11962	7.285974499089254	70.68375288515804	15.189058431773912	100
K11963	34.73684210526316	73.07321299333852	9.497470498346013	100
K12262	34.104046242774565	60.53783906289557	8.95493647892504	99.71098265895954
K12573	29.411764705882348	58.60406547940277	13.561541137663161	98.75222816399287
K12574	17.29166666666667	74.55554746651136	11.312319290771468	99.58333333333333
K12979	12.550607287449388	62.35998410513646	13.202870022068504	96.96356275303644
K12984	24.100156494522697	72.4821034009805	11.47075969445986	98.43505477308294
K13005	46.031143182681355	88.48455506551902	9.586586498979141	98.13900493733384
K13009	37.10819009100101	82.19931720581728	7.091559457785306	98.78665318503539
K13010	21.5780998389694	52.87444121661951	14.204045484173683	100
K13071	13.33333333333333	68.84047851789788	12.6013486827174	94.40860215053763
K13281	22.572815533980584	65.13293502613891	12.196851357105645	95.3883495145631
K13282	30.755395683453234	76.0979480693161	9.37878069686933	100
K13500	33.54430379746836	76.3390870732643	7.562429228553645	98.31223628691983
K13589	42.72694130514035	77.11078249556572	10.31952504077576	99.01567626686109
K13591	37.92184724689165	76.52605091770278	13.882486375722635	98.04618117229128
K13668	36.33333333333333	59.406235069278544	11.968627987266407	98.16666666666667
K13730	33.43848580441641	78.71929682655235	13.152498179423782	100
K13963	26.94136291600634	55.833923413247014	12.641826133495295	98.73217115689383
K13993	32.50883392226148	81.7710345805115	7.9285243519315856	99.82332155477032
K14330	44.12416851441242	79.59199640111878	9.137891096624742	99.77827050997783
K14379	44.86215538847118	70.46579864294884	7.851741868864884	96.99248120300751
K14415	44.89907255864702	81.22875825602826	9.646850465697293	99.61811238406983
K14441	52.05724508050089	77.13773829063928	7.866950419273514	99.6422182468694
K14540	30.000000000000004	69.01444444444445	7.737075630065865	100
K14761	36.71875	70.76722937368262	7.85960818881277	100
K15383	40.29850746268657	77.70547066256022	7.958453118170179	100
K15521	28.11731647348086	94.9211909485882	8.314181754123164	99.56094134176327
K15577	13.880320789636025	88.24281103926926	9.546649914053432	99.9383096853794
K15633	6.620209059233451	61.52792735719565	14.012418589678242	99.30313588850174
K15738	48.843187660668384	71.71828898307048	8.644138295478932	97.81491002570694
K16052	31.675201170446233	71.22310589332795	11.363996205992878	100
K16091	42.64705882352941	64.57371827536393	7.806095623079932	97.75086505190312
K16137	17.669172932330824	41.049020857227816	11.9173818145712	99.24812030075188
K16698	7.434695244474209	85.39030883619355	8.832746901824063	99.53114534494307
K16703	29.80189491817399	72.8446674717553	6.546781975033442	100
K16870	35.93314763231198	59.701410373567334	10.320792817043436	89.69359331476323
K17108	27.464788732394364	70.31125491688871	9.831774051274548	98.3274647887324
K17247	12.82051282051282	53.25463067398551	20.106061712080507	92.54079254079254
K17745	41.666666666666664	63.91322751322751	9.996360545973756	99.66666666666667
K17760	42.27129337539432	66.51023519662292	9.143463047998754	97.47634069400631
K17836	45.92298980747452	79.40989249509073	8.167476376865572	99.66024915062289
K17892	51.72413793103448	78.47605104403534	6.666422621418166	100
K17992	43.07304785894207	63.8509187651902	6.534813601120525	97.73299748110831
K18007	68.10631229235881	81.27767564732069	5.468162828141763	99.00332225913621
K18234	23.728813559322038	66.03756298671553	15.970167870710233	98.30508474576271
K18672	26.534653465346537	67.04574061366533	13.931464582250172	99.8019801980198
K18678	16.508538899430736	73.2956554502507	10.9511253686213	99.43074003795066
K18815	26.847290640394085	66.83130932623833	14.027872057045593	98.0295566502463
K18828	37.37864077669902	72.82846325639991	4.937775004748054	99.75728155339806
K18829	31.372549019607842	77.10926506505443	17.71354944400555	100
K18831	18.117229129662526	78.02500953878133	13.750785726444105	99.82238010657194
K18911	21.825813221406086	81.30138112929299	7.980913223488419	96.64218258132215
K19002	25.257731958762886	76.38320871568294	10.681344339041907	99.22680412371135
K19003	41.78628389154705	79.6230714006285	5.402947990283935	99.6012759170654
K19032	38.20754716981132	76.89810606210973	16.072267425661916	100
K19091	34.68468468468468	65.14478922431795	14.246048535960222	99.3993993993994
K19092	19.20529801324503	52.10032531660276	8.766248547713952	96.68874172185431
K19120	33.85826771653543	64.82568466820436	15.884630150297225	97.3753280839895
K19121	24.611973392461195	65.7981141794889	16.27588383282713	98.66962305986696
K19122	22.093023255813947	49.7269083158117	16.89955786028024	97.2640218878249
K19166	35.22727272727273	68.2714568040655	8.013913499525092	98.29545454545455
K19170	20.457796852646638	67.06331173384947	14.718145330991698	96.13733905579399
K19172	38.68756121449559	96.10517001195113	3.516156793316229	99.80411361410381
K19225	16.398243045387993	43.59980478282089	13.437079301486412	91.94729136163983
K19246	33.214285714285715	57.68836405529954	9.778024022159915	89.73214285714286
K19294	42.209944751381215	65.58137188122808	11.316928277958148	98.67403314917127
K19519	31.200000000000006	72.14837158469945	7.412724203981139	98.88
K19560	4.1257367387033455	85.51369467236796	6.025606374793748	99.90176817288801
K19982	25.260960334029225	55.94365656420224	13.268014835374546	92.48434237995825
K20306	38.17204301075269	49.157391687103065	8.870640719951068	88.70967741935483
K20525	46.38655462184874	66.94771894771894	7.202555032863885	98.15126050420167
K21480	34.217506631299734	71.74635501041426	8.942623458747015	99.73474801061008
K21481	22.171945701357465	65.85480345984547	17.575637827408983	100
K21495	22.527472527472526	62.03588930064675	11.466004175095144	96.7032967032967
K21498	20.961538461538463	77.98343918206932	18.427219380856886	99.8076923076923
K21568	53.333333333333336	74.53150553150553	6.022979808797057	98.18181818181819
K21600	10.588235294117643	88.36880164105385	4.24842360589069	99.6078431372549
K21703	40.93959731543624	73.15051823741564	12.693397236582744	100
K21793	52.254641909814325	69.71215247077316	7.068505525049298	96.28647214854111
K21903	24.01960784313726	63.205085955951006	9.367229605842116	100
K21929	21.794871794871796	82.37334465775356	9.871869765262465	100
K22044	29.74925626859328	79.05725753681554	5.15104750143463	99.23501912452188
K22205	35.96673596673596	70.00977495714338	10.093046732290109	97.2972972972973
K22278	35.936315390447305	87.64124361709112	7.037914059888654	99.96209249431386
K22320	42.672413793103445	80.77606973387742	6.59082513270292	99.56896551724138
K22391	17.307692307692314	58.00925925925926	24.89229973581609	95.83333333333334
